shapeName,GDP (billion chf),Color,Inset,Label
Glarus,2891.24057,,,AG
Luzern,28304.31765,,,AR
Bern,82365.69844,,,AI
Aargau,44509.24537,,,BS
Basel-Landschaft,20816.19197,,,BL
Zug,20308.51413,,,BE
Obwalden,2630.1019,,,FR
Nidwalden,3025.56778,,,GE
Grisons,14937.00048,,,GL
Appenzell Ausserrhoden,3254.50915,,,GR
Appenzell Innerrhoden,1046.87968,,,JU
Valais/Wallis,19819.03323,,,LU
Sankt Gallen,38961.85693,,,NE
Ticino,30990.05371,,,NW
Schwyz,9954.6804,,,OW
Zurich,155290.7418,,,SG
Thurgau,17358.08306,,,SH
Uri,2000.81065,,,SZ
Schaffhausen,7293.68099,,,SO
Jura,5098.25717,,,TG
Fribourg,19459.65648,,,TI
Basel-City,38316.71638,,,UR
Solothurn,18620.63281,,,VS
Geneva,54591.22122,,,VD
Neuch√¢tel,16398.4668,,,ZG
Vaud,58635.43105,,,ZH
